Datetime,Water Level (m)
2025-07-24 12:00:00,-0.3656893
2025-07-24 13:00:00,0.058637932
2025-07-24 14:00:00,0.6179315
2025-07-24 15:00:00,1.1137941
2025-07-24 16:00:00,1.4369032
2025-07-24 17:00:00,1.5122074
2025-07-24 18:00:00,1.2478192
2025-07-24 19:00:00,0.808148
2025-07-24 20:00:00,0.4029721
2025-07-24 21:00:00,0.0636164
2025-07-24 22:00:00,-0.2119424
2025-07-24 23:00:00,-0.37457904
2025-07-25 00:00:00,-0.28997388
2025-07-25 01:00:00,0.24198951
2025-07-25 02:00:00,0.9092859
2025-07-25 03:00:00,1.4797633
2025-07-25 04:00:00,1.8923643
2025-07-25 05:00:00,2.0555747
2025-07-25 06:00:00,1.9193197
2025-07-25 07:00:00,1.5023285
2025-07-25 08:00:00,1.0501629
2025-07-25 09:00:00,0.7299812
2025-07-25 10:00:00,0.42538795
2025-07-25 11:00:00,0.15277606
2025-07-25 12:00:00,-0.008538343
2025-07-25 13:00:00,0.08723375
2025-07-25 14:00:00,0.59730583
2025-07-25 15:00:00,1.1474873
2025-07-25 16:00:00,1.5715075
2025-07-25 17:00:00,1.7739842
2025-07-25 18:00:00,1.7176304
2025-07-25 19:00:00,1.3621196
2025-07-25 20:00:00,0.88626
2025-07-25 21:00:00,0.46821842
2025-07-25 22:00:00,0.12707005
2025-07-25 23:00:00,-0.12940566
2025-07-26 00:00:00,-0.26857734
2025-07-26 01:00:00,-0.11503544
2025-07-26 02:00:00,0.46916997
2025-07-26 03:00:00,1.1548461
2025-07-26 04:00:00,1.7030805
2025-07-26 05:00:00,2.0503552
2025-07-26 06:00:00,2.082784
2025-07-26 07:00:00,1.7732987
2025-07-26 08:00:00,1.2603525
2025-07-26 09:00:00,0.8083509
2025-07-26 10:00:00,0.40192857
2025-07-26 11:00:00,0.070208326
2025-07-26 12:00:00,-0.18058711
2025-07-26 13:00:00,-0.27907777
2025-07-26 14:00:00,0.03384693
2025-07-26 15:00:00,0.6236668
2025-07-26 16:00:00,1.1346638
2025-07-26 17:00:00,1.4995729
2025-07-26 18:00:00,1.6550655
2025-07-26 19:00:00,1.4863273
2025-07-26 20:00:00,1.0677499
2025-07-26 21:00:00,0.6029434
2025-07-26 22:00:00,0.2130676
2025-07-26 23:00:00,-0.08403344
2025-07-27 00:00:00,-0.30541176
2025-07-27 01:00:00,-0.39170092
2025-07-27 02:00:00,-0.038578134
2025-07-27 03:00:00,0.5478146
2025-07-27 04:00:00,1.131916
2025-07-27 05:00:00,1.5965124
2025-07-27 06:00:00,1.847696
2025-07-27 07:00:00,1.8004402
2025-07-27 08:00:00,1.4239123
2025-07-27 09:00:00,0.91191334
2025-07-27 10:00:00,0.46748474
2025-07-27 11:00:00,0.09809843
2025-07-27 12:00:00,-0.1991868
2025-07-27 13:00:00,-0.39788267
2025-07-27 14:00:00,-0.369706
2025-07-27 15:00:00,0.17408797
2025-07-27 16:00:00,0.74858034
2025-07-27 17:00:00,1.1877438
2025-07-27 18:00:00,1.4757583
2025-07-27 19:00:00,1.5131662
2025-07-27 20:00:00,1.2246568
2025-07-27 21:00:00,0.78390276
2025-07-27 22:00:00,0.3577592
2025-07-27 23:00:00,0.027763808
2025-07-28 00:00:00,-0.23778884
2025-07-28 01:00:00,-0.42573634
2025-07-28 02:00:00,-0.40940884
2025-07-28 03:00:00,0.09347591
2025-07-28 04:00:00,0.6908226
2025-07-28 05:00:00,1.2252425
2025-07-28 06:00:00,1.6013235
2025-07-28 07:00:00,1.719748
2025-07-28 08:00:00,1.4878783
2025-07-28 09:00:00,1.0405991
2025-07-28 10:00:00,0.5866419
2025-07-28 11:00:00,0.1985652
2025-07-28 12:00:00,-0.09751731
2025-07-28 13:00:00,-0.3292708
2025-07-28 14:00:00,-0.4502081
2025-07-28 15:00:00,-0.19685283
2025-07-28 16:00:00,0.3713322
2025-07-28 17:00:00,0.9012979
2025-07-28 18:00:00,1.291021
2025-07-28 19:00:00,1.4820412
2025-07-28 20:00:00,1.3916467
2025-07-28 21:00:00,1.0174146
2025-07-28 22:00:00,0.59580386
2025-07-28 23:00:00,0.21794723
2025-07-29 00:00:00,-0.067539096
2025-07-29 01:00:00,-0.28811982
2025-07-29 02:00:00,-0.38781193
2025-07-29 03:00:00,-0.13015172
2025-07-29 04:00:00,0.42511678
2025-07-29 05:00:00,0.9754483
2025-07-29 06:00:00,1.3883715
2025-07-29 07:00:00,1.6207029
2025-07-29 08:00:00,1.5657727
2025-07-29 09:00:00,1.2252718
2025-07-29 10:00:00,0.78378385
2025-07-29 11:00:00,0.38321123
2025-07-29 12:00:00,0.06881009
2025-07-29 13:00:00,-0.19421247
2025-07-29 14:00:00,-0.35905716
2025-07-29 15:00:00,-0.3338751
2025-07-29 16:00:00,0.11516244
2025-07-29 17:00:00,0.6381224
2025-07-29 18:00:00,1.0871074
2025-07-29 19:00:00,1.3639493
2025-07-29 20:00:00,1.4076626
2025-07-29 21:00:00,1.164629
2025-07-29 22:00:00,0.77942866
2025-07-29 23:00:00,0.40200046
2025-07-30 00:00:00,0.10109316
2025-07-30 01:00:00,-0.13021857
2025-07-30 02:00:00,-0.26844683
2025-07-30 03:00:00,-0.23327157
2025-07-30 04:00:00,0.16428018
2025-07-30 05:00:00,0.67819655
2025-07-30 06:00:00,1.1269213
2025-07-30 07:00:00,1.4262543
2025-07-30 08:00:00,1.5106865
2025-07-30 09:00:00,1.3036205
2025-07-30 10:00:00,0.9210252
2025-07-30 11:00:00,0.5266134
2025-07-30 12:00:00,0.18113917
